,Time,Observed_Species,Shannon,Evenness,AirTempMax_1,AirTempMax_3,AirTempMax_30,AirTempMax_7,AirTempMin_1,AirTempMin_3,AirTempMin_30,AirTempMin_7,AirTemp_1,AirTemp_3,AirTemp_30,AirTemp_7,Evapo_1,Evapo_3,Evapo_30,Evapo_7,Precip_1,Precip_3,Precip_30,Precip_7,SWC_1,SWC_3,SWC_30,SWC_7,Stemp_1,Stemp_3,Stemp_30,Stemp_7,EMH_m,SEMH_m,LEMH_m,NonAM_m,EMH,SEMH,LEMH,NonAM
GL0,0,651,5.887907838,0.0272424268,21.81,22.57,19.857,18.9542857143,7.833,10.911,6.4462333333,7.6748571429,15.538875,17.0401805556,13.5325097222,13.4464821429,0.341375,0.3515277778,0.2945583333,0.2720892857,0,0,0.60325,0.5503333333,0.11825,0.1239861111,0.1037652778,0.1318630952,20.5720833333,21.8486111111,20.0117152778,18.568827381,NA,NA,NA,NA,0.7398561636,0.4106071892,0.3292489744,0.342413183
GL1,1,649,6.063709894,0.0255529765,33.62,34.5533333333,29.9646666667,34.1257142857,21.83,19.45,14.6352666667,19.5985714286,27.5008333333,27.3405555556,22.6697680556,27.1092261905,0.4474166667,0.4409027778,0.4145555556,0.4872738095,0,0,0,0,0.0692083333,0.0698055556,0.0786513889,0.0705238095,33.6154166667,33.6643055556,30.2133333333,33.6923214286,0.5352946582,0.2369357573,0.2983589009,0.0993819595,1.8066378429,1.193623007,0.6130148359,0.6619557968
GL2,2,637,6.4702886811,0.0051674371,30.73,28.7033333333,29.8986666667,29.3985714286,19.74,18.0166666667,18.2063333333,18.9857142857,24.69125,23.4011111111,23.6805277778,23.8555357143,0.2819166667,0.2376666667,0.28185,0.2487380952,0.127,0.1693333333,2.1801666667,0.1693333333,0.1320416667,0.1366944444,0.1421736111,0.1500595238,28.0758333333,27.1743055556,27.3969583333,27.640952381,1.2947570749,0.7433459172,0.5514111577,0.0860134296,1.9579087143,1.4096550167,0.5650774606,0.8391195552
GL3,3,706,7.4006174164,0.1525538458,22.37,24.2933333333,30.5436666667,26.1714285714,10.26,12.4566666667,17.973,14.5614285714,16.4920833333,18.0919444444,24.2403611111,19.957797619,0.1620416667,0.1940972222,0.2620111111,0.1896964286,0,0,0.8360833333,0.4868333333,0.1180833333,0.122125,0.0952180556,0.1128333333,22.03,23.3056944444,28.9025138889,24.3724404762,1.4215394818,0.5450796903,0.8764597916,0.5142604016,1.7786248378,1.2936630743,0.4849617634,0.4277272749
GL4,4,1533,8.0448862654,0.1647843811,22.78,20.5276190476,22.55,22.86,9.13,6.5354761905,8.3645,8.0124285714,15.79875,13.5875555556,15.5601361111,15.5604821429,0.17775,0.1642301587,0.1796138889,0.1887440476,0,0.3069166667,0.3069166667,0,0.1023333333,0.1148313492,0.1178708333,0.1054166667,16.612875,15.5609325397,17.634,17.0952142857,1.8097798552,1.0351248909,0.7746549643,0.4445272631,0.416255079,0.3104958819,0.105759197,0.4091645288
PJ0,0,3637,9.0341122962,0.1736033958,19.93,20.3666666667,18.0423333333,16.7342857143,6.822,8.994,4.1568,5.4167142857,13.6355,14.9514166667,11.5784638889,11.2272083333,0.277875,0.2883194444,0.2442041667,0.224577381,0,0,0.7831666667,0.60325,0.1345833333,0.1352083333,0.1315638889,0.137297619,19.72875,19.98125,18.0187527778,17.1036964286,NA,NA,NA,NA,1.2473038303,0.7502445965,0.4970592337,0.7786879293
PJ1,1,670,7.7665100586,0.1964509084,30.79,32.1433333333,28.1383333333,31.8985714286,20.32,19.3,12.5988,19.36,25.555,26.1393055556,21.1725986111,25.9748214286,0.38625,0.3663333333,0.3387986111,0.3861428571,0,0,0,0,0.0864166667,0.0871527778,0.1030305556,0.0887857143,31.5454166667,31.6136111111,27.3767361111,31.4683333333,0.055682992,0.0550334651,0.0006495268,0.0241135103,1.2499046071,0.8541767982,0.3957278088,1.2190615592
PJ2,2,625,7.0829092986,0.1505800028,28.69,27.0066666667,27.866,27.4085714286,16.03,15.3933333333,16.0616666667,16.02,21.4966666667,20.8173611111,21.7439722222,21.2618452381,0.2130416667,0.1809027778,0.2167125,0.1890654762,0.1058333333,0.1058333333,3.7674166667,0.47625,0.1664166667,0.1729861111,0.1489333333,0.1782083333,23.27875,22.6988888889,23.9196805556,23.0263690476,NA,NA,NA,NA,3.7439478453,2.6852908312,1.0586570141,1.1315211301
PJ3,3,2228,8.5662314627,0.229112542,20.01,22.3366666667,28.726,24.5371428571,7.493,10.2176666667,15.7677666667,12.1061428571,13.981375,15.7694861111,22.3585458333,17.8885892857,0.1264166667,0.1499166667,0.2013361111,0.1515238095,0,0.0105833333,0.9101666667,0.6138333333,0.1159166667,0.1173472222,0.1068222222,0.112047619,19.4208333333,20.8136111111,25.3751666667,22.5488095238,0.5675001408,0.3220381126,0.2454620281,0.1380465304,1.2973912942,0.8507054856,0.4466858086,0.7500338685
PJ4,4,610,5.7168322837,0.0224105975,21.83,19.32,21.248,21.9428571429,4.369,4.970952381,6.7033333333,5.7557142857,12.87075,12.1343412698,13.8956083333,14.1745833333,0.1329166667,0.1366527778,0.1467236111,0.151797619,0,0.53975,0.6773333333,0,0.1368333333,0.1437142857,0.1429972222,0.1385892857,14.5983333333,14.2760396825,16.0011444444,15.6478869048,1.5198007411,0.7820711324,0.7377296087,0.0996857226,1.5408714604,1.1749796965,0.3658917639,0.7375107551
PP0,0,1075,7.7355581817,0.122847476,16.27,16.7833333333,14.4260333333,13.0507142857,4.312,7.0233333333,2.0946,3.3561428571,10.4225416667,11.7247083333,8.5782444444,8.1964880952,0.2421666667,0.2426111111,0.2098291667,0.1842678571,0,0,1.0795,0.5609166667,0.1585833333,0.1634305556,0.1596847222,0.1690892857,12.3445833333,12.6375,11.0560944444,10.6476904762,NA,NA,NA,NA,4.5952567179,3.0742181249,1.521038593,2.5277920297
PP1,1,682,6.8696502106,0.114338133,27,28.4066666667,24.2713333333,27.9757142857,18.6,16.2366666667,10.0687,17.06,22.3745833333,22.9352777778,17.9630541667,22.6955357143,0.3338333333,0.3399027778,0.3175347222,0.3633571429,0,0,0,0,0.0782916667,0.0787916667,0.0927055556,0.0797559524,22.8666666667,22.7483333333,18.9687777778,22.2872619048,0.731183337,0.5813430993,0.1498402377,0.2645893959,2.5993988444,1.7688690798,0.8305297646,0.5121910322
PP2,2,924,8.0349081061,0.2050071535,25.99,24.0233333333,24.7086666667,24.22,13.76,13.43,13.2900666667,13.4557142857,19.0191666667,18.1475,18.9134416667,18.5525,0.217125,0.1641666667,0.1928097222,0.161672619,0.1164166667,0.2116666667,3.23825,0.7408333333,0.1517083333,0.157375,0.1153652778,0.150625,18.82875,18.5295833333,19.368,18.8779761905,1.0422261215,0.616950491,0.4252756305,0.1927543993,5.9501539466,4.0840990419,1.8660549047,2.0687363835
PP3,3,NA,NA,NA,17.92,19.29,25.1666666667,21.47,3.661,6.797,12.9480333333,9.6787142857,11.639,13.1695277778,19.1743694444,15.4149761905,0.1323333333,0.1294444444,0.1727486111,0.1340238095,0.0105833333,0.0423333333,1.59825,0.3069166667,0.088125,0.0880833333,0.0920305556,0.0862916667,15.1558333333,16.1298611111,19.3222638889,17.455952381,1.8561074988,1.0739439993,0.7821634994,1.9245138414,2.3190619767,1.4168646179,0.9021973587,0.7755525381
PP4,4,769,6.6884252663,0.0700934465,18.71,16.6374285714,18.4472,19.5185714286,3.57,2.5026666667,4.351,2.8312857143,10.275875,9.3092003968,11.1185722222,11.0243809524,0.1488333333,0.1355515873,0.1455069444,0.1547678571,0,1.3123333333,1.5134166667,0,0.138625,0.1522420635,0.1384083333,0.1457738095,9.0294166667,9.6087876984,11.1459291667,9.7621369048,1.1721954055,0.7476815662,0.4245138392,0.5237713796,2.4190271816,1.7182229344,0.7008042471,0.5902463783
